trial,scenario,arm,commit,outcome,initialRequests,requestWindowWallSeconds,requestWindowServerTicks,requestsPerWallMinute,requestsPer1200Ticks,observedTicksPerWallSecond,legacyLedgerRequestsPer1200Ticks,modelLatencyMedianMs,eventGaps,timelineGaps,llmGaps
1,farm_easy,A,44acc6bc107254dfbed2de6c880083c6dd6d31a6,PASSED,4,7.815,157,30.71017274472169,30.573248407643312,20.089571337172103,30.379747,2034.5,False,False,False
2,farm_easy,B,34184be759cda766c597fd4a27d9ea9863437644,PASSED,7,11.862,237,35.40718259989884,35.44303797468354,19.97976732422863,35.443038,1581,False,False,False
3,farm_easy,B,34184be759cda766c597fd4a27d9ea9863437644,PASSED,7,13.136,263,31.973203410475033,31.93916349809886,20.02131546894032,31.939163,1692,False,False,False
4,farm_easy,A,44acc6bc107254dfbed2de6c880083c6dd6d31a6,PASSED,5,13.158,263,22.79981760145919,22.813688212927758,19.98784009727922,22.813688,1803,False,False,False
5,sea_grass,A,44acc6bc107254dfbed2de6c880083c6dd6d31a6,FAILED,7,12.038,241,34.88951653098521,34.85477178423236,20.019936866589134,34.854772,1640,False,False,True
6,sea_grass,B,34184be759cda766c597fd4a27d9ea9863437644,FAILED,8,16.806,336,28.56122813280971,28.571428571428573,19.992859692966796,28.571429,1555.5,False,False,True
7,sea_grass,B,34184be759cda766c597fd4a27d9ea9863437644,FAILED,4,5.724,114,41.92872117400419,42.10526315789474,19.91614255765199,42.105263,1524.0,False,False,True
8,sea_grass,A,44acc6bc107254dfbed2de6c880083c6dd6d31a6,FAILED,5,7.527,151,39.856516540454365,39.735099337748345,20.06111332536203,39.735099,1503,False,False,True
9,bread-cooperative-watch,A,44acc6bc107254dfbed2de6c880083c6dd6d31a6,FAILED,30,54.681,1093,32.91819827728096,32.93687099725526,19.98866150948227,32.936871,1295.0,False,False,False
10,bread-cooperative-watch,B,34184be759cda766c597fd4a27d9ea9863437644,FAILED,30,66.858,1337,26.92273175984923,26.925953627524308,19.997606868288013,26.925954,1499.5,False,False,False
11,bread-cooperative-watch,B,34184be759cda766c597fd4a27d9ea9863437644,FAILED,30,61.62,1232,29.211295034079846,29.22077922077922,19.99350860110354,29.220779,1199.0,False,False,False
12,bread-cooperative-watch,A,44acc6bc107254dfbed2de6c880083c6dd6d31a6,FAILED,30,57.234,1145,31.44983750917287,31.441048034934497,20.00559108222385,31.413613,1349.0,False,False,False
